feature,auc,mean_human,mean_ai,std_human,std_ai,cohen_d
words_per_paragraph,0.8943939749630123,297.66716529543754,94.84099688836686,315.61998311044266,100.98767744113273,-0.8655839006797333
sentences_per_paragraph,0.893479780668156,15.651832460732985,4.674686169402877,15.245888591052793,5.870800100278351,-0.9502270437705465
paragraph_count,0.8482151784821518,1.0,5.8025197480251975,0.0,8.533007466807476,0.7959431170828356
sentence_length_std,0.6237284648498501,11.0005582167786,11.039030441312914,8.497549439463471,16.65589984917532,0.0029097762825969617
uppercase_ratio,0.5810286585402791,0.029440473254434277,0.025718876871371706,0.030630586015526446,0.022783993211214604,-0.13786796250119682
emb_pca_10,0.5784916833671905,0.022691147530706807,-0.006740294105115188,0.1037110724597992,0.10316798497945506,-0.2845270138886596
emb_pca_19,0.5683528692755258,0.017051940275491773,-0.003892494636981123,0.08639337390028516,0.08426178161010507,-0.2454400068526675
emb_pca_6,0.5621682409171199,-0.019026997376295773,0.005942942767330147,0.11922051812603775,0.11879865970107509,0.2098141935672634
sentence_count,0.5591682978299028,15.651832460732985,12.545645435456453,15.245888591052793,8.2541703491663,-0.2533791677785676
flesch_reading_ease,0.5571581398329875,50.94581492211039,38.849927901086865,33.95948823955657,222.92378600125267,-0.0758603192981213
emb_pca_15,0.5531215390054114,-0.014463862499496636,0.004049582372680092,0.08557254196933796,0.09498688209216362,0.20478943346216782
coleman_liau,0.5525709209183793,13.320166001277325,12.483031436534924,169.08222021956115,78.60256354302808,-0.006349297293811025
emb_pca_8,0.5517562118133736,0.015460392613473822,-0.0045858266388551045,0.11066901349759543,0.11195339320106097,-0.18008866167867368
flesch_kincaid_grade,0.5508470469333022,12.334550308115649,15.246223544429578,11.128480485284049,34.15727782030903,0.11462202502626154
emb_pca_4,0.5505955201039358,-0.015044394083026552,0.004723586406989901,0.14284493353780128,0.12579762032933361,0.14687397029066804
smog_index,0.5494521415472514,12.441109829227836,13.314178799338146,3.635218837034494,5.08396038096905,0.19755556328994936
hapax_ratio,0.5494330335104112,0.472631297723111,0.5046069112472364,0.08932202722043571,0.218295283839595,0.19172310476642837
gunning_fog,0.5491260709381567,14.666081679508101,17.05647892023522,11.327633427422443,16.068854841890886,0.17194802630113418
punct_dash_rate,0.5477000729246446,0.013804256357075263,0.01512604450044263,0.025950805463541293,0.15136202275967212,0.01217219720642266
long_word_ratio,0.5475151998637084,0.24848518178785098,0.2643846121742696,0.09161197396261012,0.10405592733587682,0.1621867861221938
emb_pca_42,0.5455593932005454,-0.00915826479752169,0.0022458661908129184,0.07004838292574353,0.06958908651809692,0.16333824072170086
digit_ratio,0.5441252247250967,0.008606012117818035,0.008999120771591209,0.011806413858169863,0.02281545297621469,0.021640963499457034
ari,0.543496005672432,16.655147736319133,18.352431891122666,138.1806822898948,67.86273046447637,0.015592014968350025
brunet_w,0.542757223903638,10.150116857462848,11.249440288551103,0.7424592424447769,6.954109181429296,0.22229911980916073
punct_semicolon_rate,0.5425343778262414,0.0022741671247797465,0.0013095584164222133,0.006623968525878917,0.011195057225513491,-0.10487161503235566
avg_word_length,0.5412151193257637,5.441752017225935,5.28181301932549,29.242724844243448,13.835530478433936,-0.006991776531595525
punct_exclaim_rate,0.540571073782674,0.001190932636502312,0.001908062437120496,0.0056653175312789674,0.007220629985565829,0.11050217046843733
emb_pca_16,0.5386625510971715,-0.00899405439647345,0.002696119059408709,0.09032842753680784,0.09143590347770009,0.12862761803066539
emb_pca_32,0.5382317415229307,0.009251777543492894,-0.0009955841219791018,0.07579087566035543,0.07529550377315303,-0.1356483175294794
unique_word_ratio,0.5381347803888272,0.6161487592347178,0.6261732826583921,0.07857985072347687,0.20253645702252485,0.06525698635622378
type_token_ratio,0.5381347803888272,0.6161487592347178,0.6261732826583921,0.07857985072347687,0.20253645702252485,0.06525698635622378
emb_pca_49,0.5374826952607656,0.005665194960439042,-0.002698902240711759,0.06583256034130222,0.06763915841983363,-0.12531989846267125
emb_pca_48,0.5365829535221496,-0.0072896333591817505,0.001397448547457654,0.06586509988927114,0.06746443841452258,0.13030056349359168
emb_pca_27,0.5365430921380563,-0.007407463647511219,0.001674108115459754,0.07598101731354173,0.07909480886992791,0.1171006702974945
emb_pca_41,0.5358304109753571,0.007154395671941286,-0.0016136526058789418,0.07031316798233175,0.06932333768427106,-0.12558074199014874
emb_pca_31,0.5350520295763991,0.006597278584288892,-0.0023725458629094993,0.07308395491855721,0.07442567386595142,-0.12161176854442925
punct_colon_rate,0.5343073583441956,0.0018676666559704395,0.0037784407663716247,0.004726416747608699,0.028672282642488917,0.09299085788390674
simpson_diversity,0.534092738818863,0.9879706740585171,0.9818268214869849,0.022021290722693647,0.038506202257218534,-0.19587554553145733
emb_pca_0,0.533884064847068,-0.017805490236922215,0.0028868176192001797,0.24225366088288317,0.247149064006702,0.08455724369439473
yule_k,0.5336898808249317,116.02442048459044,177.8513362802086,109.1759307983106,343.68219221089083,0.24247076808390347
word_count,0.530753450458993,297.66716529543754,237.37236276372363,315.61998311044266,107.27356976548215,-0.25579481580054325
dale_chall,0.5301208286052472,10.46497664779167,10.789821978095924,2.1541038319663577,2.912167583155273,0.1268265237094304
emb_pca_17,0.5299794627867056,0.009448500267215408,0.00038367604508889107,0.08898099228965017,0.08933918233335071,-0.10166887682562704
emb_pca_2,0.5270339458200777,-0.008966158018742334,0.0003429704771868811,0.17383960020173495,0.1635733112874027,0.05515392036356833
punct_period_rate,0.5264173657428574,0.05188559791601229,0.05729786405258698,0.02984601912671457,0.5420672511843414,0.014098849411991705
emb_pca_26,0.5260051967877258,-0.005604176519158564,0.0011667291799134086,0.07763845708996434,0.07886166371154132,0.08652643661202743
emb_pca_12,0.5258320839568997,-0.008491388114870605,0.0021221345656633334,0.09820931538765605,0.10094146264376283,0.10657778129122804
emb_pca_22,0.5253772491112894,-0.006949080877325355,0.0013435089368223098,0.08295721430737935,0.08220571481641334,0.10041604395051465
emb_pca_11,0.5240754533372393,0.009161230826453627,-0.00042787902570672927,0.10198657099775102,0.1006567450109487,-0.09463823993699781
emb_pca_37,0.5238958901417263,0.006179383512554227,-0.00019787080512538775,0.07321798371935896,0.07139688769266517,-0.08818939121683578
emb_pca_21,0.5235693895083192,0.004702251080711788,-0.0021156353537134286,0.08512154916777237,0.08344115172115425,-0.08089034693119353
emb_pca_38,0.5235321643602282,-0.005223924882886311,0.0005257229988505548,0.06964125709052324,0.07214488198087561,0.08109046158466353
word_length_std,0.5234265653464572,2.6787996305910515,3.0206628204976504,0.6155235674549968,8.448795702968203,0.05707199352928488
emb_pca_35,0.5222168695621089,0.004534991432551609,-0.0011284180466431658,0.07275514113193497,0.07363048715139893,-0.07737519447356078
emb_pca_5,0.5217308299087817,0.00585670289717427,-0.00221163601800787,0.12504900382207337,0.12132365569368274,-0.06548954518022129
emb_pca_33,0.5209712013091885,0.004857044795822738,-0.0011956835392211778,0.07377815545685495,0.07540193238546106,-0.08114179180876399
emb_pca_28,0.5209272266490628,0.004604107682484068,-0.0007268027411004601,0.07528419221179455,0.07685493247379124,-0.07007568026431804
char_count,0.5205259391787074,1735.4379207180255,1418.3811618838117,1823.4680955149236,645.8972744734047,-0.23178610795211876
emb_pca_18,0.5203842929095273,-0.007214104813213911,2.9315307495840314e-05,0.08659676075384753,0.08828996651474683,0.08283167937997885
emb_pca_29,0.5196933934130895,0.003746021151652955,-0.0015472573650431956,0.0768717208115385,0.07665091833159558,-0.06895755663894676
emb_pca_40,0.5196661336110219,-0.0034178894001361255,0.0009862959726896308,0.07086232289770021,0.07159857701232723,0.06182926768278124
emb_pca_36,0.5173131153601169,-0.003901899979673148,0.0007870859774510249,0.07410330284425017,0.07211777134804984,0.06412965771811528
punct_comma_rate,0.5166110352315554,0.052262496690327315,0.054216262684982204,0.029788970494776544,0.047846752914408104,0.049022992336330284
avg_sentence_length,0.5145912858228014,24.14991978856756,28.670882405680853,27.939172880048158,40.457955322476316,0.13003724048392068
punct_question_rate,0.5140474733379317,0.0016672257200127303,0.001742343490555148,0.005587738426090473,0.008167600031980728,0.01073480704768182
emb_pca_30,0.5138370605721776,0.0021103105141024683,-0.0011731133620708763,0.07302055940190845,0.0757093655073597,-0.04414562097749791
emb_pca_25,0.5137289188059504,0.00221348938859611,-0.0018408577026299369,0.07788012807064788,0.07971055293986178,-0.05145067725822626
emb_pca_7,0.5134127200593328,0.004602073642709425,-0.0007994607119505046,0.1176602059026781,0.11693136490409006,-0.04605031857759556
emb_pca_20,0.5125315815464078,0.002391583985183246,-0.00015504291473623647,0.08664696412628005,0.0835284933727171,-0.029924402233720098
emb_pca_24,0.5123175229223524,0.004644500261089005,0.0006237469019573244,0.07664933120030575,0.08067136868417378,-0.05109867929808182
emb_pca_3,0.5105116264738523,-0.003960878922812267,0.0030259643833919804,0.15224384590271137,0.1461725057323967,0.04681645422350474
emb_pca_45,0.5104901439549389,0.002212085105312266,-0.0003005274311672133,0.06780569675082626,0.06841114546883403,-0.036890999330998465
emb_pca_14,0.5101335042262415,-0.0038250709291058342,0.0008471949450851915,0.09367739506295601,0.09570262486694794,0.0493399328491206
emb_pca_43,0.5097984591967131,-0.0022150437231729992,0.0004746356548942104,0.06902083158043759,0.06835810138628377,0.03915663083785455
short_sentence_ratio,0.5088646333571579,0.06490193323786497,0.08050547901751762,0.10206117379265958,0.13624780149069599,0.1296252201003507
gpt2_log_perplexity,0.5086079649327513,1.9379788157581352,1.9349677342601999,0.08698142608197171,0.08971072613601577,-0.034078733032207674
gpt2_perplexity,0.5086079649327513,5.970766180918657,5.951420973329684,0.5984383652027289,0.6141545652857116,-0.03190449568920777
emb_pca_34,0.5085699732195815,-0.0008611004759016456,0.0010650927680563942,0.0742106228702889,0.07232741490693081,0.026287156988740148
emb_pca_39,0.5078159162393409,-0.0009027653213979055,0.0006832071713231677,0.07174095347955335,0.07240783851307891,0.022004423326471772
emb_pca_46,0.5062052134352758,0.0002963738397109201,-0.0007508105617547245,0.06897300161600066,0.06808629701458674,-0.015280429682468104
emb_pca_1,0.506127547305105,0.00745469407486724,0.0017530165659129086,0.20029311545145095,0.1963079282477812,-0.028751259099626905
emb_pca_9,0.5058739451410132,-0.002595967629136126,0.0002967042118329767,0.10596135206765614,0.10365174879759936,0.02759843017499048
emb_pca_47,0.5057266898590619,-0.0005786658706342557,0.0007974061906718826,0.06647560669729645,0.06783499151624009,0.020489843742384262
emb_pca_13,0.5051418754908353,-0.00235330147417427,2.8525756145085668e-05,0.09384508753810594,0.09547523120451419,0.02516094369321679
punct_quote_rate,0.5026928683347073,0.007033670761710666,0.0075339274459658295,0.014185942059367707,0.021109057307510497,0.027817092138063593
emb_pca_44,0.5026352824702571,0.0017622599008702323,0.0011025663387422468,0.06689197651989309,0.06942232435023987,-0.009677340263455955
emb_pca_23,0.5025786875313965,0.0004760746934083769,-0.0007516815082745724,0.08152220242974331,0.08008986202306004,-0.015193271476300231
whitespace_ratio,0.502293170084637,0.17211787306509926,0.17280245065486438,0.021570391692910983,0.025238046772000273,0.02916079998323135
